Id,FirstName,LastName,Department,Email
1,Oscar,Madsen,Support,e2310@eksamen.com
2,Sara,Johansen,Sales,d0623@eksamen.com
3,Liam,Andreasen,R&D,ee95e@eksamen.com
4,Oscar,Johansen,Sales,10ad7@eksamen.com
5,Freja,Clausen,IT,46f12@eksamen.com
6,Noah,Poulsen,Finance,c7246@eksamen.com
7,Isabella,Olsen,Finance,372bf@eksamen.com
8,Elias,Nielsen,Sales,d8fe6@eksamen.com
9,Lærke,Henriksen,IT,8e816@eksamen.com
10,Ava,Mortensen,HR,bfacc@eksamen.com
11,Sara,Jakobsen,IT,eee2b@eksamen.com
12,Ella,Rasmussen,Support,b9af8@eksamen.com
13,William,Jørgensen,HR,fba13@eksamen.com
14,Elias,Christensen,R&D,9c7f5@eksamen.com
15,Sofie,Larsen,IT,90f4e@eksamen.com
16,Ella,Christiansen,Sales,da67d@eksamen.com
17,Magnus,Madsen,IT,76633@eksamen.com
18,Alma,Andersen,Finance,7ce2c@eksamen.com
19,Liam,Mortensen,Finance,dfb4f@eksamen.com
20,Lærke,Jørgensen,Support,5da9e@eksamen.com
21,Isabella,Poulsen,Finance,4800a@eksamen.com
22,Lærke,Johansen,HR,b5266@eksamen.com
23,Magnus,Hansen,HR,10279@eksamen.com
24,Ava,Christensen,R&D,2a595@eksamen.com
25,Mathias,Andersen,R&D,d8f10@eksamen.com
26,Victor,Jakobsen,Support,d50df@eksamen.com
27,Isabella,Johansen,Finance,39cc7@eksamen.com
28,Anton,Christensen,Finance,dfe6b@eksamen.com
29,Mikkel,Jeppesen,IT,cb481@eksamen.com
30,Anna,Lund,Sales,1386d@eksamen.com
31,Clara,Lund,Finance,ee0f6@eksamen.com
32,Anna,Poulsen,Sales,8ba4e@eksamen.com
33,Liam,Pedersen,IT,098c1@eksamen.com
34,Mia,Christiansen,Management,63ecf@eksamen.com
35,Laura,Clausen,Finance,9d2bc@eksamen.com
36,Anton,Nielsen,Management,f9e44@eksamen.com
37,Ava,Kristensen,Finance,4ac47@eksamen.com
38,Sara,Hansen,Support,9c0ea@eksamen.com
39,Ida,Larsen,R&D,ceb18@eksamen.com
40,Liam,Eriksen,Finance,f0b81@eksamen.com
41,Ava,Henriksen,Support,668e5@eksamen.com
42,Elias,Andreasen,HR,b5063@eksamen.com
43,Noah,Henriksen,R&D,59a96@eksamen.com
44,Clara,Jakobsen,IT,6bf49@eksamen.com
45,Laura,Rasmussen,R&D,470e9@eksamen.com
46,Clara,Andreasen,Management,0a5aa@eksamen.com
47,Ida,Hansen,HR,7b04c@eksamen.com
48,William,Nielsen,IT,13a74@eksamen.com
49,Magnus,Jeppesen,Support,fcf9f@eksamen.com
50,Liam,Eriksen,Support,a6d10@eksamen.com
51,Sara,Jørgensen,Finance,4ebc7@eksamen.com
52,Sara,Thomsen,IT,027ca@eksamen.com
53,Ava,Andersen,HR,907dc@eksamen.com
54,Alma,Christensen,Management,23e89@eksamen.com
55,Victor,Lund,R&D,9daea@eksamen.com
56,Anna,Eriksen,IT,2e8f8@eksamen.com
57,Liam,Rasmussen,Management,2a539@eksamen.com
58,Anton,Larsen,Support,1db99@eksamen.com
59,Isabella,Andersen,IT,3eca9@eksamen.com
60,Ava,Kristensen,Finance,45e16@eksamen.com
61,Ava,Jeppesen,R&D,da0cb@eksamen.com
62,Liam,Henriksen,HR,1f869@eksamen.com
63,Emil,Andersen,Finance,8b936@eksamen.com
64,Ella,Johansen,Support,580d4@eksamen.com
65,Liam,Nielsen,IT,df50d@eksamen.com
66,Mia,Johansen,Support,35b47@eksamen.com
67,William,Mortensen,Sales,7aa7c@eksamen.com
68,Elias,Petersen,R&D,e809f@eksamen.com
69,Alma,Jensen,Sales,862b8@eksamen.com
70,Liam,Larsen,Management,9097c@eksamen.com
71,Isabella,Poulsen,Support,1b8a5@eksamen.com
72,Elias,Hansen,R&D,e5093@eksamen.com
73,Anna,Andreasen,IT,dae3a@eksamen.com
74,Lucas,Jensen,HR,2ced4@eksamen.com
75,Nora,Clausen,Finance,62ce6@eksamen.com
76,Emma,Henriksen,Management,ee907@eksamen.com
77,Ava,Clausen,IT,5b01f@eksamen.com
78,Lærke,Lund,Sales,dbd06@eksamen.com
79,Mathias,Møller,HR,48bfe@eksamen.com
80,Oliver,Petersen,Finance,02b8f@eksamen.com
81,Sophia,Christensen,Management,a6643@eksamen.com
82,Alma,Iversen,Support,63209@eksamen.com
83,Magnus,Pedersen,HR,6513a@eksamen.com
84,Oscar,Petersen,IT,f20d2@eksamen.com
85,Emma,Kristensen,HR,c03ff@eksamen.com
86,Oliver,Poulsen,Support,d1852@eksamen.com
87,Mia,Hansen,IT,1a075@eksamen.com
88,Clara,Iversen,Finance,edb95@eksamen.com
89,Anna,Christensen,R&D,68dbc@eksamen.com
90,Laura,Henriksen,HR,d18d5@eksamen.com
91,Ava,Johansen,R&D,a8378@eksamen.com
92,Magnus,Larsen,Management,5d7a8@eksamen.com
93,Alma,Andreasen,HR,9d987@eksamen.com
94,Laura,Henriksen,Finance,2c34d@eksamen.com
95,Anna,Thomsen,HR,cad75@eksamen.com
96,Karl,Johansen,R&D,8d614@eksamen.com
97,William,Thomsen,Finance,4402e@eksamen.com
98,Mia,Nielsen,Finance,e8aff@eksamen.com
99,Laura,Henriksen,Support,2bdd6@eksamen.com
100,Liam,Pedersen,HR,8e314@eksamen.com
